index,block_type,block,layer_name,ks_h,ks_w,ks_if,ks_of,if_h,if_w,if_ch,of_h,of_w,of_ch,stride,pad_l,pad_r,pad_h,pad_b,input_layer,ops,params,row_size(index),ks_row_size(index),wt(4index),(ps)conv,(ps)mean,pl(conv),pl(dconv)
0,1,blk1,blk1_conv1_3s2_sm,3,3,3,48,256,256,3,128,128,48,2,0,1,0,1,,21233664,1344,0.01171875,0.01171875,0.004943848,0,0,0,21233664
1,,,blk1_depconv2_3s1_sm,3,3,48,1,128,128,48,128,128,48,1,1,1,1,1,,7077888,480,0.09375,0.28125,0.001647949,0,0,7077888,0
2,,,blk1_mean,,,,,128,128,48,1,1,48,,,,,,,0,0,0,0,0,0,786624,0,0
3,,,blk1_conv3_1s1_sm,1,1,48,16,1,1,48,1,1,16,1,,,,,,768,784,0,0,0,1536,0,0,0
4,,,blk1_conv4_1s1_sm,1,1,16,48,1,1,16,128,128,48,1,,,,,1,12582912,816,0,0,0,787968,0,0,0
5,,,blk1_conv5_1s1,1,1,48,32,128,128,48,128,128,32,1,,,,,,25165824,1568,0.09375,0.09375,0.005859375,0,0,0,25165824
6,2,blk2,blk2_depconv1_3s1_sm,3,3,32,1,128,128,32,128,128,32,1,1,1,1,1,,4718592,320,0.0625,0.1875,0.001098633,0,0,4718592,0
7,,,blk2_mean,,,,,128,128,32,1,1,32,1,,,,,,0,0,0,0,0,0,524416,0,0
8,,,blk2_conv2_1s1_sm,1,1,32,16,1,1,32,1,1,16,1,,,,,,512,528,0,0,0,1024,0,0,0
9,,,blk2_conv3_1s1_sm,1,1,16,32,1,1,16,128,128,32,1,,,,,6,8388608,544,0,0,0,525312,0,0,0
10,,,blk2_conv4_1s1_add,1,1,32,32,128,128,32,128,128,32,1,,,,,5,16777216,1056,0.0625,0.0625,0.00390625,0,0,0,16777216
11,3,blk3,blk3_conv1_1s1_sm,1,1,32,144,128,128,32,128,128,144,1,,,,,,75497472,4752,0.0625,0.0625,0.017578125,0,0,0,75497472
12,,,blk3_depconv2_3s2_sm,3,3,144,1,128,128,144,64,64,144,2,0,1,0,1,,5308416,1440,0.28125,0.84375,0.004943848,0,0,5308416,0
13,,,blk3_mean,,,,,64,64,144,1,1,144,,,,,,,0,0,0,0,0,0,590400,0,0
14,,,blk3_conv3_1s1_sm,1,1,144,16,1,1,144,1,1,16,1,,,,,,2304,2320,0,0,0,4608,0,0,0
15,,,blk3_conv4_1s1_sm,1,1,16,144,1,1,16,64,64,144,1,,,,,12,9437184,2448,0,0,0,594432,0,0,0
16,,,blk3_conv5_1s1,1,1,144,32,64,64,144,64,64,32,1,,,,,,18874368,4640,0.140625,0.140625,0.017578125,0,0,0,18874368
17,4,blk4,blk4_conv1_1s1_sm,1,1,32,192,64,64,32,64,64,192,1,,,,,,25165824,6336,0.03125,0.03125,0.0234375,0,0,0,25165824
18,,,blk4_depconv2_3s1_sm,3,3,192,1,64,64,192,64,64,192,1,1,1,1,1,,7077888,1920,0.1875,0.5625,0.006591797,0,0,7077888,0
19,,,blk4_mean,,,,,64,64,192,1,1,192, ,,,,,,0,0,0,0,0,0,787200,0,0
20,,,blk4_conv3_1s1_sm,1,1,192,16,1,1,192,1,1,16,1,,,,,,3072,3088,0,0,0,6144,0,0,0
21,,,blk4_conv4_1s1_sm,1,1,16,192,1,1,16,64,64,192,1,,,,,18,12582912,3264,0,0,0,792576,0,0,0
22,,,blk4_conv5_1s1_add,1,1,192,32,64,64,192,64,64,32,1,,,,,16,25165824,6336,0.1875,0.1875,0.0234375,0,0,0,150994944
23,,blk5,blk5_conv1_1s1_sm,1,1,32,192,64,64,32,64,64,192,1,,,,,,25165824,6336,0.03125,0.03125,0.0234375,0,0,0,25165824
24,,,blk5_depconv2_3s1_sm,3,3,192,1,64,64,192,64,64,192,1,1,1,1,1,,7077888,1920,0.1875,0.5625,0.006591797,0,0,7077888,0
25,,,blk5_mean,,,,,64,64,192,1,1,192, ,,,,,,0,0,0,0,0,0,787200,0,0
26,,,blk5_conv3_1s1_sm,1,1,192,16,1,1,192,1,1,32,1,,,,,,3072,3088,0,0,0,6144,0,0,0
27,,,blk5_conv4_1s1_sm,1,1,16,192,1,1,16,64,64,192,1,,,,,24,12582912,3264,0,0,0,792576,0,0,0
28,,,blk5_conv5_1s1_add,1,1,192,32,64,64,192,64,64,32,1,,,,,22,25165824,6336,0.1875,0.1875,0.0234375,0,0,0,150994944
29,,blk6,blk6_conv1_1s1_sm,1,1,32,192,64,64,32,64,64,192,1,,,,,,25165824,6336,0.03125,0.03125,0.0234375,0,0,0,25165824
30,,,blk6_depconv2_3s1_sm,3,3,192,1,64,64,192,64,64,192,1,1,1,1,1,,7077888,1920,0.1875,0.5625,0.006591797,0,0,7077888,0
31,,,blk6_mean,,,,,64,64,192,1,1,192, ,,,,,,0,0,0,0,0,0,787200,0,0
32,,,blk6_conv3_1s1_sm,1,1,192,16,1,1,192,1,1,32,1,,,,,,3072,3088,0,0,0,6144,0,0,0
33,,,blk6_conv4_1s1_sm,1,1,16,192,1,1,16,64,64,192,1,,,,,30,12582912,3264,0,0,0,792576,0,0,0
34,,,blk6_conv5_1s1_add,1,1,192,32,64,64,192,64,64,32,1,,,,,28,25165824,6336,0.1875,0.1875,0.0234375,0,0,0,150994944
35,5,blk7,blk7_conv1_1s1_sm,1,1,32,192,64,64,32,64,64,192,1,,,,,,25165824,6336,0.03125,0.03125,0.0234375,0,0,0,25165824
36,,,blk7_depconv2_5s2_sm,5,5,192,1,64,64,192,32,32,192,2,1,2,1,2,,4915200,4992,0.1875,0.9375,0.018310547,0,0,4915200,0
37,,,blk7_mean,,,,,32,32,192,1,1,192,,,,,,,0,0,0,0,0,0,197376,0,0
38,,,blk7_conv3_1s1_sm,1,1,192,16,1,1,192,1,1,16,1,,,,,,3072,3088,0,0,0,6144,0,0,0
39,,,blk7_conv4_1s1_sm,1,1,16,192,1,1,16,32,32,192,1,,,,,36,3145728,3264,0,0,0,202752,0,0,0
40,,,blk7_conv5_1s1,1,1,192,64,32,32,192,32,32,64,1,,,,,,12582912,12352,0.09375,0.09375,0.046875,0,0,0,12582912
41,6,blk8,blk8_conv1_1s1_sm,1,1,64,336,32,32,64,32,32,336,1,,,,,,22020096,21840,0.03125,0.03125,0.08203125,0,0,0,22020096
42,,,blk8_depconv2_5s1_sm,5,5,336,1,32,32,336,32,32,336,1,2,2,2,2,,8601600,8736,0.1640625,0.8203125,0.032043457,0,0,8601600,0
43,,,blk8_mean,,,,,32,32,336,1,1,336,,,,,,,0,0,0,0,0,0,345408,0,0
44,,,blk8_conv3_1s1_sm,1,1,336,16,1,1,336,1,1,16,1,,,,,,5376,5392,0,0,0,10752,0,0,0
45,,,blk8_conv4_1s1_sm,1,1,16,336,1,1,16,32,32,336,1,,,,,42,5505024,5712,0,0,0,354816,0,0,0
46,,,blk8_conv5_1s1_add,1,1,336,64,32,32,336,32,32,64,1,,,,,40,22020096,21568,0.1640625,0.1640625,0.08203125,0,0,0,22020096
47,,blk9,blk9_conv1_1s1_sm,1,1,64,336,32,32,64,32,32,336,1,,,,,,22020096,21840,0.03125,0.03125,0.08203125,0,0,0,22020096
48,,,blk9_depconv2_5s1_sm,5,5,336,1,32,32,336,32,32,336,1,2,2,2,2,,8601600,8736,0.1640625,0.8203125,0.032043457,0,0,8601600,0
49,,,blk9_mean,,,,,32,32,336,1,1,336,,,,,,,0,0,0,0,0,0,345408,0,0
50,,,blk9_conv3_1s1_sm,1,1,336,16,1,1,336,1,1,16,1,,,,,,5376,5392,0,0,0,10752,0,0,0
51,,,blk9_conv4_1s1_sm,1,1,16,336,1,1,16,32,32,336,1,,,,,48,5505024,5712,0,0,0,354816,0,0,0
52,,,blk9_conv5_1s1_add,1,1,336,64,32,32,336,32,32,64,1,,,,,46,22020096,21568,0.1640625,0.1640625,0.08203125,0,0,0,22020096
53,,blk10,blk10_conv1_1s1_sm,1,1,64,336,32,32,64,32,32,336,1,,,,,,22020096,21840,0.03125,0.03125,0.08203125,0,0,0,22020096
54,,,blk10_depconv2_5s1_sm,5,5,336,1,32,32,336,32,32,336,1,2,2,2,2,,8601600,8736,0.1640625,0.8203125,0.032043457,0,0,8601600,0
55,,,blk10_mean,,,,,32,32,336,1,1,336,,,,,,,0,0,0,0,0,0,345408,0,0
56,,,blk10_conv3_1s1_sm,1,1,336,16,1,1,336,1,1,16,1,,,,,,5376,5392,0,0,0,10752,0,0,0
57,,,blk10_conv4_1s1_sm,1,1,16,336,1,1,16,32,32,336,1,,,,,54,5505024,5712,0,0,0,354816,0,0,0
58,,,blk10_conv5_1s1_add,1,1,336,64,32,32,336,32,32,64,1,,,,,52,22020096,21568,0.1640625,0.1640625,0.08203125,0,0,0,22020096
59,3,blk11,blk11_conv1_1s1_sm,1,1,64,336,32,32,64,32,32,336,1,,,,,,22020096,21840,0.03125,0.03125,0.08203125,0,0,0,22020096
60,,,blk11_depconv2_3s2_sm,3,3,336,1,32,32,336,16,16,336,2,0,1,0,1,,774144,3360,0.1640625,0.4921875,0.011535645,0,0,774144,0
61,,,blk11_mean,,,,,16,16,336,1,1,336,,,,,,,0,0,0,0,0,0,87360,0,0
62,,,blk11_conv3_1s1_sm,1,1,336,16,1,1,336,1,1,16,1,,,,,,5376,5392,0,0,0,10752,0,0,0
63,,,blk11_conv4_1s1_sm,1,1,16,336,1,1,16,16,16,336,1,,,,,60,1376256,5712,0,0,0,96768,0,0,0
64,,,blk11_conv5_1s1,1,1,336,112,16,16,336,16,16,112,1,,,,,,9633792,37744,0.08203125,0.08203125,0.143554688,0,0,0,9633792
65,4,blk12,blk12_conv1_1s1_sm,1,1,112,672,16,16,112,16,16,672,1,,,,,,19267584,75936,0.02734375,0.02734375,0.287109375,0,0,0,19267584
66,,,blk12_depconv2_3s1_sm,3,3,672,1,16,16,672,16,16,672,1,1,1,1,1,,1548288,6720,0.1640625,0.4921875,0.023071289,0,0,1548288,0
67,,,blk12_mean,,,,,16,16,672,1,1,672, ,,,,,,0,0,0,0,0,0,174720,0,0
68,,,blk12_conv3_1s1_sm,1,1,672,32,1,1,672,1,1,32,1,,,,,,21504,21536,0,0,0,43008,0,0,0
69,,,blk12_conv4_1s1_sm,1,1,32,672,1,1,32,16,16,672,1,,,,,66,5505024,22176,0,0,0,215040,0,0,0
70,,,blk12_conv5_1s1_add,1,1,672,112,16,16,672,16,16,112,1,,,,,64,19267584,75376,0.1640625,0.1640625,0.287109375,0,0,0,19267584
71,,blk13,blk13_conv1_1s1_sm,1,1,112,672,16,16,112,16,16,672,1,,,,,,19267584,75936,0.02734375,0.02734375,0.287109375,0,0,0,19267584
72,,,blk13_depconv2_3s1_sm,3,3,672,1,16,16,672,16,16,672,1,1,1,1,1,,1548288,6720,0.1640625,0.4921875,0.023071289,0,0,1548288,0
73,,,blk13_mean,,,,,16,16,672,1,1,672, ,,,,,,0,0,0,0,0,0,174720,0,0
74,,,blk13_conv3_1s1_sm,1,1,672,32,1,1,672,1,1,32,1,,,,,,21504,21536,0,0,0,43008,0,0,0
75,,,blk13_conv4_1s1_sm,1,1,32,672,1,1,32,16,16,672,1,,,,,72,5505024,22176,0,0,0,215040,0,0,0
76,,,blk13_conv5_1s1_add,1,1,672,112,16,16,672,16,16,112,1,,,,,70,19267584,75376,0.1640625,0.1640625,0.287109375,0,0,0,19267584
77,,blk14,blk14_conv1_1s1_sm,1,1,112,672,16,16,112,16,16,672,1,,,,,,19267584,75936,0.02734375,0.02734375,0.287109375,0,0,0,19267584
78,,,blk14_depconv2_3s1_sm,3,3,672,1,16,16,672,16,16,672,1,1,1,1,1,,1548288,6720,0.1640625,0.4921875,0.023071289,0,0,1548288,0
79,,,blk14_mean,,,,,16,16,672,1,1,672, ,,,,,,0,0,0,0,0,0,174720,0,0
80,,,blk14_conv3_1s1_sm,1,1,672,32,1,1,672,1,1,32,1,,,,,,21504,21536,0,0,0,43008,0,0,0
81,,,blk14_conv4_1s1_sm,1,1,32,672,1,1,32,16,16,672,1,,,,,78,5505024,22176,0,0,0,215040,0,0,0
82,,,blk14_conv5_1s1_add,1,1,672,112,16,16,672,16,16,112,1,,,,,76,19267584,75376,0.1640625,0.1640625,0.287109375,0,0,0,19267584
83,,blk15,blk15_conv1_1s1_sm,1,1,112,672,16,16,112,16,16,672,1,,,,,,19267584,75936,0.02734375,0.02734375,0.287109375,0,0,0,19267584
84,,,blk15_depconv2_3s1_sm,3,3,672,1,16,16,672,16,16,672,1,1,1,1,1,,1548288,6720,0.1640625,0.4921875,0.023071289,0,0,1548288,0
85,,,blk15_mean,,,,,16,16,672,1,1,672, ,,,,,,0,0,0,0,0,0,174720,0,0
86,,,blk15_conv3_1s1_sm,1,1,672,32,1,1,672,1,1,32,1,,,,,,21504,21536,0,0,0,43008,0,0,0
87,,,blk15_conv4_1s1_sm,1,1,32,672,1,1,32,16,16,672,1,,,,,84,5505024,22176,0,0,0,215040,0,0,0
88,,,blk15_conv5_1s1_add,1,1,672,112,16,16,672,16,16,112,1,,,,,82,19267584,75376,0.1640625,0.1640625,0.287109375,0,0,0,19267584
89,,blk16,blk16_conv1_1s1_sm,1,1,112,672,16,16,112,16,16,672,1,,,,,,19267584,75936,0.02734375,0.02734375,0.287109375,0,0,0,19267584
90,,,blk16_depconv2_3s1_sm,3,3,672,1,16,16,672,16,16,672,1,1,1,1,1,,1548288,6720,0.1640625,0.4921875,0.023071289,0,0,1548288,0
91,,,blk16_mean,,,,,16,16,672,1,1,672, ,,,,,,0,0,0,0,0,0,174720,0,0
92,,,blk16_conv3_1s1_sm,1,1,672,32,1,1,672,1,1,32,1,,,,,,21504,21536,0,0,0,43008,0,0,0
93,,,blk16_conv4_1s1_sm,1,1,32,672,1,1,32,16,16,672,1,,,,,90,5505024,22176,0,0,0,215040,0,0,0
94,,,blk16_conv5_1s1_add,1,1,672,112,16,16,672,16,16,112,1,,,,,88,19267584,75376,0.1640625,0.1640625,0.287109375,0,0,0,19267584
95,7,blk17,blk17_conv1_1s1_sm,1,1,112,672,16,16,112,16,16,672,1,,,,,,19267584,75936,0.02734375,0.02734375,0.287109375,0,0,0,19267584
96,,,blk17_depconv2_5s1_sm,5,5,672,1,16,16,672,16,16,672,1,2,2,2,2,,4300800,17472,0.1640625,0.8203125,0.064086914,0,0,4300800,0
97,,,blk17_mean,,,,,16,16,672,1,1,672, ,,,,,,0,0,0,0,0,0,174720,0,0
98,,,blk17_conv3_1s1_sm,1,1,672,32,1,1,672,1,1,32,1,,,,,,21504,21536,0,0,0,43008,0,0,0
99,,,blk17_conv4_1s1_sm,1,1,32,672,1,1,32,16,16,672,1,,,,,96,5505024,22176,0,0,0,215040,0,0,0
100,,,blk17_conv5_1s1,1,1,672,160,16,16,672,16,16,160,1,,,,,,27525120,107680,0.1640625,0.1640625,0.41015625,0,0,0,27525120
101,6,blk18,blk18_conv1_1s1_sm,1,1,160,960,16,16,160,16,16,960,1,,,,,,39321600,154560,0.0390625,0.0390625,0.5859375,0,0,0,39321600
102,,,blk18_depconv2_5s1_sm,5,5,960,1,16,16,960,16,16,960,1,2,2,2,2,,6144000,24960,0.234375,1.171875,0.091552734,0,0,6144000,0
103,,,blk18_mean,,,,,16,16,960,1,1,960,,,,,,,0,0,0,0,0,0,249600,0,0
104,,,blk18_conv3_1s1_sm,1,1,960,48,1,1,960,1,1,48,1,,,,,,46080,46128,0,0,0,92160,0,0,0
105,,,blk18_conv4_1s1_sm,1,1,48,960,1,1,48,16,16,960,1,,,,,102,11796480,47040,0,0,0,337920,0,0,0
106,,,blk18_conv5_1s1_add,1,1,960,160,16,16,960,16,16,160,1,,,,,100,39321600,153760,0.234375,0.234375,0.5859375,0,0,0,39321600
107,,blk19,blk19_conv1_1s1_sm,1,1,160,960,16,16,160,16,16,960,1,,,,,,39321600,154560,0.0390625,0.0390625,0.5859375,0,0,0,39321600
108,,,blk19_depconv2_5s1_sm,5,5,960,1,16,16,960,16,16,960,1,2,2,2,2,,6144000,24960,0.234375,1.171875,0.091552734,0,0,6144000,0
109,,,blk19_mean,,,,,16,16,960,1,1,960,,,,,,,0,0,0,0,0,0,249600,0,0
110,,,blk19_conv3_1s1_sm,1,1,960,48,1,1,960,1,1,48,1,,,,,,46080,46128,0,0,0,92160,0,0,0
111,,,blk19_conv4_1s1_sm,1,1,48,960,1,1,48,16,16,960,1,,,,,108,11796480,47040,0,0,0,337920,0,0,0
112,,,blk19_conv5_1s1_add,1,1,960,160,16,16,960,16,16,160,1,,,,,106,39321600,153760,0.234375,0.234375,0.5859375,0,0,0,39321600
113,,blk20,blk20_conv1_1s1_sm,1,1,160,960,16,16,160,16,16,960,1,,,,,,39321600,154560,0.0390625,0.0390625,0.5859375,0,0,0,39321600
114,,,blk20_depconv2_5s1_sm,5,5,960,1,16,16,960,16,16,960,1,2,2,2,2,,6144000,24960,0.234375,1.171875,0.091552734,0,0,6144000,0
115,,,blk20_mean,,,,,16,16,960,1,1,960,,,,,,,0,0,0,0,0,0,249600,0,0
116,,,blk20_conv3_1s1_sm,1,1,960,48,1,1,960,1,1,48,1,,,,,,46080,46128,0,0,0,92160,0,0,0
117,,,blk20_conv4_1s1_sm,1,1,48,960,1,1,48,16,16,960,1,,,,,114,11796480,47040,0,0,0,337920,0,0,0
118,,,blk20_conv5_1s1_add,1,1,960,160,16,16,960,16,16,160,1,,,,,112,39321600,153760,0.234375,0.234375,0.5859375,0,0,0,39321600
119,,blk21,blk21_conv1_1s1_sm,1,1,160,960,16,16,160,16,16,960,1,,,,,,39321600,154560,0.0390625,0.0390625,0.5859375,0,0,0,39321600
120,,,blk21_depconv2_5s1_sm,5,5,960,1,16,16,960,16,16,960,1,2,2,2,2,,6144000,24960,0.234375,1.171875,0.091552734,0,0,6144000,0
121,,,blk21_mean,,,,,16,16,960,1,1,960,,,,,,,0,0,0,0,0,0,249600,0,0
122,,,blk21_conv3_1s1_sm,1,1,960,48,1,1,960,1,1,48,1,,,,,,46080,46128,0,0,0,92160,0,0,0
123,,,blk21_conv4_1s1_sm,1,1,48,960,1,1,48,16,16,960,1,,,,,120,11796480,47040,0,0,0,337920,0,0,0
124,,,blk21_conv5_1s1_add,1,1,960,160,16,16,960,16,16,160,1,,,,,118,39321600,153760,0.234375,0.234375,0.5859375,0,0,0,39321600
125,,blk22,blk22_conv1_1s1_sm,1,1,160,960,16,16,160,16,16,960,1,,,,,,39321600,154560,0.0390625,0.0390625,0.5859375,0,0,0,39321600
126,,,blk22_depconv2_5s1_sm,5,5,960,1,16,16,960,16,16,960,1,2,2,2,2,,6144000,24960,0.234375,1.171875,0.091552734,0,0,6144000,0
127,,,blk22_mean,,,,,16,16,960,1,1,960,,,,,,,0,0,0,0,0,0,249600,0,0
128,,,blk22_conv3_1s1_sm,1,1,960,48,1,1,960,1,1,48,1,,,,,,46080,46128,0,0,0,92160,0,0,0
129,,,blk22_conv4_1s1_sm,1,1,48,960,1,1,48,16,16,960,1,,,,,126,11796480,47040,0,0,0,337920,0,0,0
130,,,blk22_conv5_1s1_add,1,1,960,160,16,16,960,16,16,160,1,,,,,124,39321600,153760,0.234375,0.234375,0.5859375,0,0,0,39321600
131,5,blk23,blk23_conv1_1s1_sm,1,1,160,960,16,16,160,16,16,960,1,,,,,,39321600,154560,0.0390625,0.0390625,0.5859375,0,0,0,39321600
132,,,blk23_depconv2_5s2_sm,5,5,960,1,16,16,960,8,8,960,2,1,2,1,2,,1536000,24960,0.234375,1.171875,0.091552734,0,0,1536000,0
133,,,blk23_mean,,,,,8,8,960,1,1,960, ,,,,,,0,0,0,0,0,0,65280,0,0
134,,,blk23_conv3_1s1_sm,1,1,960,48,1,1,960,1,1,48,1,,,,,,46080,46128,0,0,0,92160,0,0,0
135,,,blk23_conv4_1s1_sm,1,1,48,960,1,1,48,8,8,960,1,,,,,132,2949120,47040,0,0,0,153600,0,0,0
136,,,blk23_conv5_1s1,1,1,960,272,8,8,960,8,8,272,1,,,,,,16711680,261392,0.1171875,0.1171875,0.99609375,0,0,0,16711680
137,6,blk24,blk24_conv1_1s1_sm,1,1,288,1632,8,8,288,8,8,1632,1,,,,,,28409856,445536,0.033203125,0.033203125,1.693359375,0,0,0,28409856
138,,,blk24_depconv2_5s1_sm,5,5,1632,1,8,8,1632,8,8,1632,1,2,2,2,2,,2611200,42432,0.19921875,0.99609375,0.155639648,0,0,2611200,0
139,,,blk24_mean,,,,,8,8,1632,1,1,1632,,,,,,,0,0,0,0,0,0,110976,0,0
140,,,blk24_conv3_1s1_sm,1,1,1632,80,1,1,1632,1,1,80,1,,,,,,130560,130640,0,0,0,261120,0,0,0
141,,,blk24_conv4_1s1_sm,1,1,80,1632,1,1,80,8,8,1632,1,,,,,138,8355840,132192,0,0,0,365568,0,0,0
142,,,blk24_conv5_1s1_add,1,1,1632,288,8,8,1632,8,8,288,1,,,,,136,28409856,444176,0.19921875,0.19921875,1.693359375,0,0,0,28409856
143,,blk25,blk25_conv1_1s1_sm,1,1,288,1632,8,8,288,8,8,1632,1,,,,,,28409856,445536,0.033203125,0.033203125,1.693359375,0,0,0,28409856
144,,,blk25_depconv2_5s1_sm,5,5,1632,1,8,8,1632,8,8,1632,1,2,2,2,2,,2611200,42432,0.19921875,0.99609375,0.155639648,0,0,2611200,0
145,,,blk25_mean,,,,,8,8,1632,1,1,1632,,,,,,,0,0,0,0,0,0,110976,0,0
146,,,blk25_conv3_1s1_sm,1,1,1632,80,1,1,1632,1,1,80,1,,,,,,130560,130640,0,0,0,261120,0,0,0
147,,,blk25_conv4_1s1_sm,1,1,80,1632,1,1,80,8,8,1632,1,,,,,144,8355840,132192,0,0,0,365568,0,0,0
148,,,blk25_conv5_1s1_add,1,1,1632,288,8,8,1632,8,8,288,1,,,,,142,28409856,444176,0.19921875,0.19921875,1.693359375,0,0,0,28409856
149,,blk26,blk26_conv1_1s1_sm,1,1,288,1632,8,8,288,8,8,1632,1,,,,,,28409856,445536,0.033203125,0.033203125,1.693359375,0,0,0,28409856
150,,,blk26_depconv2_5s1_sm,5,5,1632,1,8,8,1632,8,8,1632,1,2,2,2,2,,2611200,42432,0.19921875,0.99609375,0.155639648,0,0,2611200,0
151,,,blk26_mean,,,,,8,8,1632,1,1,1632,,,,,,,0,0,0,0,0,0,110976,0,0
152,,,blk26_conv3_1s1_sm,1,1,1632,80,1,1,1632,1,1,80,1,,,,,,130560,130640,0,0,0,261120,0,0,0
153,,,blk26_conv4_1s1_sm,1,1,80,1632,1,1,80,8,8,1632,1,,,,,150,8355840,132192,0,0,0,365568,0,0,0
154,,,blk26_conv5_1s1_add,1,1,1632,288,8,8,1632,8,8,288,1,,,,,148,28409856,444176,0.19921875,0.19921875,1.693359375,0,0,0,28409856
155,,blk27,blk27_conv1_1s1_sm,1,1,288,1632,8,8,288,8,8,1632,1,,,,,,28409856,445536,0.033203125,0.033203125,1.693359375,0,0,0,28409856
156,,,blk27_depconv2_5s1_sm,5,5,1632,1,8,8,1632,8,8,1632,1,2,2,2,2,,2611200,42432,0.19921875,0.99609375,0.155639648,0,0,2611200,0
157,,,blk27_mean,,,,,8,8,1632,1,1,1632,,,,,,,0,0,0,0,0,0,110976,0,0
158,,,blk27_conv3_1s1_sm,1,1,1632,80,1,1,1632,1,1,80,1,,,,,,130560,130640,0,0,0,261120,0,0,0
159,,,blk27_conv4_1s1_sm,1,1,80,1632,1,1,80,8,8,1632,1,,,,,156,8355840,132192,0,0,0,365568,0,0,0
160,,,blk27_conv5_1s1_add,1,1,1632,288,8,8,1632,8,8,288,1,,,,,154,28409856,444176,0.19921875,0.19921875,1.693359375,0,0,0,28409856
161,,blk28,blk28_conv1_1s1_sm,1,1,288,1632,8,8,288,8,8,1632,1,,,,,,28409856,445536,0.033203125,0.033203125,1.693359375,0,0,0,28409856
162,,,blk28_depconv2_5s1_sm,5,5,1632,1,8,8,1632,8,8,1632,1,2,2,2,2,,2611200,42432,0.19921875,0.99609375,0.155639648,0,0,2611200,0
163,,,blk28_mean,,,,,8,8,1632,1,1,1632,,,,,,,0,0,0,0,0,0,110976,0,0
164,,,blk28_conv3_1s1_sm,1,1,1632,80,1,1,1632,1,1,80,1,,,,,,130560,130640,0,0,0,261120,0,0,0
165,,,blk28_conv4_1s1_sm,1,1,80,1632,1,1,80,8,8,1632,1,,,,,162,8355840,132192,0,0,0,365568,0,0,0
166,,,blk28_conv5_1s1_add,1,1,1632,288,8,8,1632,8,8,288,1,,,,,160,28409856,444176,0.19921875,0.19921875,1.693359375,0,0,0,28409856
167,,blk29,blk29_conv1_1s1_sm,1,1,288,1632,8,8,288,8,8,1632,1,,,,,,28409856,445536,0.033203125,0.033203125,1.693359375,0,0,0,28409856
168,,,blk29_depconv2_5s1_sm,5,5,1632,1,8,8,1632,8,8,1632,1,2,2,2,2,,2611200,42432,0.19921875,0.99609375,0.155639648,0,0,2611200,0
169,,,blk29_mean,,,,,8,8,1632,1,1,1632,,,,,,,0,0,0,0,0,0,110976,0,0
170,,,blk29_conv3_1s1_sm,1,1,1632,80,1,1,1632,1,1,80,1,,,,,,130560,130640,0,0,0,261120,0,0,0
171,,,blk29_conv4_1s1_sm,1,1,80,1632,1,1,80,8,8,1632,1,,,,,168,8355840,132192,0,0,0,365568,0,0,0
172,,,blk29_conv5_1s1_add,1,1,1632,288,8,8,1632,8,8,288,1,,,,,166,28409856,444176,0.19921875,0.19921875,1.693359375,0,0,0,28409856
173,,blk30,blk30_conv1_1s1_sm,1,1,288,1632,8,8,288,8,8,1632,1,,,,,,28409856,445536,0.033203125,0.033203125,1.693359375,0,0,0,28409856
174,,,blk30_depconv2_5s1_sm,5,5,1632,1,8,8,1632,8,8,1632,1,2,2,2,2,,2611200,42432,0.19921875,0.99609375,0.155639648,0,0,2611200,0
175,,,blk30_mean,,,,,8,8,1632,1,1,1632,,,,,,,0,0,0,0,0,0,110976,0,0
176,,,blk30_conv3_1s1_sm,1,1,1632,80,1,1,1632,1,1,80,1,,,,,,130560,130640,0,0,0,261120,0,0,0
177,,,blk30_conv4_1s1_sm,1,1,80,1632,1,1,80,8,8,1632,1,,,,,174,8355840,132192,0,0,0,365568,0,0,0
178,,,blk30_conv5_1s1_add,1,1,1632,288,8,8,1632,8,8,288,1,,,,,172,28409856,444176,0.19921875,0.19921875,1.693359375,0,0,0,28409856
179,8,blk31,blk31_conv1_1s1_sm,1,1,288,1632,8,8,288,8,8,1632,1,,,,,,28409856,445536,0.033203125,0.033203125,1.693359375,0,0,0,28409856
180,,,blk31_depconv2_3s1_sm,3,3,1632,1,8,8,1632,8,8,1632,1,1,1,1,1,,940032,16320,0.19921875,0.59765625,0.056030273,0,0,940032,0
181,,,blk31_mean,,,,,8,8,1632,1,1,1632,,,,,,,0,0,0,0,0,0,110976,0,0
182,,,blk31_conv3_1s1_sm,1,1,1632,80,1,1,1632,1,1,80,1,,,,,,130560,130640,0,0,0,261120,0,0,0
183,,,blk31_conv4_1s1_sm,1,1,80,1632,1,1,80,8,8,1632,1,,,,,180,8355840,132192,0,0,0,365568,0,0,0
184,,,blk31_conv5_1s1,1,1,1632,480,8,8,1632,8,8,480,1,,,,,,46792704,731584,0.19921875,0.19921875,2.7890625,0,0,0,46792704
185,4,blk32,blk32_conv1_1s1_sm,1,1,480,2688,8,8,480,8,8,2688,1,,,,,,77070336,1206912,0.0546875,0.0546875,4.59375,0,0,0,77070336
186,,,blk32_depconv2_3s1_sm,3,3,2688,1,8,8,2688,8,8,2688,1,1,1,1,1,,1548288,26880,0.328125,0.984375,0.092285156,0,0,1548288,0
187,,,blk32_mean,,,,,8,8,2688,1,1,2688,,,,,,,0,0,0,0,0,0,182784,0,0
188,,,blk32_conv3_1s1_sm,1,1,2688,112,1,1,2688,1,1,112,1,,,,,,301056,301168,0,0,0,602112,0,0,0
189,,,blk32_conv4_1s1_sm,1,1,112,2688,1,1,112,8,8,2688,1,,,,,186,19267584,303744,0,0,0,774144,0,0,0
190,,,blk32_conv5_1s1_add,1,1,2688,480,8,8,2688,8,8,480,1,,,,,184,77070336,1204672,0.328125,0.328125,4.59375,0,0,0,77070336
191,9,head,head_conv2d_1s1_sm,1,1,480,1824,8,8,480,8,8,1824,1,,,,,,51380224,804608,0.0546875,0.0546875,3.0625,0,0,0,51380224
192,,,head_mean,,,,,8,8,1824, , ,1824,,,,,,,,0,0,0,0,0,121856,0,0
193,,,head_fc1000,,,,,1,1,1824,1,1,1008,,,,,,,1792000,1793000,0,0,0,0,0,0,0
